{
    "loss": 2.390573024749756,
    "accuracy": 0.8627451062202454
}