{
    "loss": 0.6185648441314697,
    "accuracy": 0.843137264251709
}