{
    "loss": 23.216577529907227,
    "accuracy": 0.4313725531101227
}